{
  "_fv": 79,
  "_type": "procedure",
  "definition": {
    "procedurexml": "<xml xmlns=\"https://developers.google.com/blockly/xml\"><block type=\"event_trigger\" deletable=\"false\" x=\"-401\" y=\"206\"><field name=\"trigger\">no_ext_trigger</field><next><block type=\"controls_if\"><value name=\"IF0\"><block type=\"logic_negate\"><value name=\"BOOL\"><block type=\"block_is_tagged_in\"><value name=\"a\"><block type=\"world_data_blockat\"><value name=\"x\"><block type=\"coord_x\"></block></value><value name=\"y\"><block type=\"coord_y\"></block></value><value name=\"z\"><block type=\"coord_z\"></block></value></block></value><value name=\"b\"><block type=\"text\"><field name=\"TEXT\">minecraft:waxed_copper_end_rod</field></block></value></block></value></block></value><statement name=\"DO0\"><block type=\"controls_if\"><mutation elseif=\"2\"></mutation><value name=\"IF0\"><block type=\"compare_mcblocks\"><value name=\"a\"><block type=\"world_data_blockat\"><value name=\"x\"><block type=\"coord_x\"></block></value><value name=\"y\"><block type=\"coord_y\"></block></value><value name=\"z\"><block type=\"coord_z\"></block></value></block></value><value name=\"b\"><block type=\"mcitem_allblocks\"><field name=\"value\">CUSTOM:CopperEndRod</field></block></value></block></value><statement name=\"DO0\"><block type=\"block_replace\"><field name=\"state\">TRUE</field><field name=\"nbt\">FALSE</field><value name=\"x\"><block type=\"coord_x\"></block></value><value name=\"y\"><block type=\"coord_y\"></block></value><value name=\"z\"><block type=\"coord_z\"></block></value><value name=\"block\"><block type=\"mcitem_allblocks\"><field name=\"value\">CUSTOM:ExposedCopperEndRod</field></block></value></block></statement><value name=\"IF1\"><block type=\"compare_mcblocks\"><value name=\"a\"><block type=\"world_data_blockat\"><value name=\"x\"><block type=\"coord_x\"></block></value><value name=\"y\"><block type=\"coord_y\"></block></value><value name=\"z\"><block type=\"coord_z\"></block></value></block></value><value name=\"b\"><block type=\"mcitem_allblocks\"><field name=\"value\">CUSTOM:ExposedCopperEndRod</field></block></value></block></value><statement name=\"DO1\"><block type=\"block_replace\"><field name=\"state\">TRUE</field><field name=\"nbt\">FALSE</field><value name=\"x\"><block type=\"coord_x\"></block></value><value name=\"y\"><block type=\"coord_y\"></block></value><value name=\"z\"><block type=\"coord_z\"></block></value><value name=\"block\"><block type=\"mcitem_allblocks\"><field name=\"value\">CUSTOM:WeatheredCopperEndRod</field></block></value></block></statement><value name=\"IF2\"><block type=\"compare_mcblocks\"><value name=\"a\"><block type=\"world_data_blockat\"><value name=\"x\"><block type=\"coord_x\"></block></value><value name=\"y\"><block type=\"coord_y\"></block></value><value name=\"z\"><block type=\"coord_z\"></block></value></block></value><value name=\"b\"><block type=\"mcitem_allblocks\"><field name=\"value\">CUSTOM:WeatheredCopperEndRod</field></block></value></block></value><statement name=\"DO2\"><block type=\"block_replace\"><field name=\"state\">TRUE</field><field name=\"nbt\">FALSE</field><value name=\"x\"><block type=\"coord_x\"></block></value><value name=\"y\"><block type=\"coord_y\"></block></value><value name=\"z\"><block type=\"coord_z\"></block></value><value name=\"block\"><block type=\"mcitem_allblocks\"><field name=\"value\">CUSTOM:OxidizedCopperEndRod</field></block></value></block></statement></block></statement></block></next></block></xml>",
    "skipDependencyNullCheck": false
  }
}