{
  "_fv": 79,
  "_type": "procedure",
  "definition": {
    "procedurexml": "<xml xmlns=\"https://developers.google.com/blockly/xml\"><block type=\"event_trigger\" deletable=\"false\" x=\"40\" y=\"40\"><field name=\"trigger\">no_ext_trigger</field><next><block type=\"controls_if\"><value name=\"IF0\"><block type=\"compare_mcitems\"><value name=\"a\"><block type=\"entity_iteminhand\"><value name=\"entity\"><block type=\"entity_from_deps\"></block></value></block></value><value name=\"b\"><block type=\"mcitem_all\"><field name=\"value\">Items.HONEYCOMB</field></block></value></block></value><statement name=\"DO0\"><block type=\"controls_if\"><mutation elseif=\"2\"></mutation><value name=\"IF0\"><block type=\"compare_mcblocks\"><value name=\"a\"><block type=\"world_data_blockat\"><value name=\"x\"><block type=\"coord_x\"></block></value><value name=\"y\"><block type=\"coord_y\"></block></value><value name=\"z\"><block type=\"coord_z\"></block></value></block></value><value name=\"b\"><block type=\"mcitem_allblocks\"><field name=\"value\">CUSTOM:CopperEndRod</field></block></value></block></value><statement name=\"DO0\"><block type=\"block_replace\"><field name=\"state\">TRUE</field><field name=\"nbt\">FALSE</field><value name=\"x\"><block type=\"coord_x\"></block></value><value name=\"y\"><block type=\"coord_y\"></block></value><value name=\"z\"><block type=\"coord_z\"></block></value><value name=\"block\"><block type=\"mcitem_allblocks\"><field name=\"value\">CUSTOM:WaxedCopperEndRod</field></block></value></block></statement><value name=\"IF1\"><block type=\"compare_mcblocks\"><value name=\"a\"><block type=\"world_data_blockat\"><value name=\"x\"><block type=\"coord_x\"></block></value><value name=\"y\"><block type=\"coord_y\"></block></value><value name=\"z\"><block type=\"coord_z\"></block></value></block></value><value name=\"b\"><block type=\"mcitem_allblocks\"><field name=\"value\">CUSTOM:ExposedCopperEndRod</field></block></value></block></value><statement name=\"DO1\"><block type=\"block_replace\"><field name=\"state\">TRUE</field><field name=\"nbt\">FALSE</field><value name=\"x\"><block type=\"coord_x\"></block></value><value name=\"y\"><block type=\"coord_y\"></block></value><value name=\"z\"><block type=\"coord_z\"></block></value><value name=\"block\"><block type=\"mcitem_allblocks\"><field name=\"value\">CUSTOM:WaxedExposedCopperEndRod</field></block></value></block></statement><value name=\"IF2\"><block type=\"compare_mcblocks\"><value name=\"a\"><block type=\"world_data_blockat\"><value name=\"x\"><block type=\"coord_x\"></block></value><value name=\"y\"><block type=\"coord_y\"></block></value><value name=\"z\"><block type=\"coord_z\"></block></value></block></value><value name=\"b\"><block type=\"mcitem_allblocks\"><field name=\"value\">CUSTOM:WeatheredCopperEndRod</field></block></value></block></value><statement name=\"DO2\"><block type=\"block_replace\"><field name=\"state\">TRUE</field><field name=\"nbt\">FALSE</field><value name=\"x\"><block type=\"coord_x\"></block></value><value name=\"y\"><block type=\"coord_y\"></block></value><value name=\"z\"><block type=\"coord_z\"></block></value><value name=\"block\"><block type=\"mcitem_allblocks\"><field name=\"value\">CUSTOM:WaxedWeatheredCopperEndRod</field></block></value></block></statement><next><block type=\"entity_add_achievement\"><field name=\"achievement\">husbandry/wax_on</field><value name=\"entity\"><block type=\"entity_from_deps\"></block></value></block></next></block></statement></block></next></block></xml>",
    "skipDependencyNullCheck": false
  }
}