{
  "_fv": 79,
  "_type": "villagertrade",
  "definition": {
    "tradeEntries": [
      {
        "villagerProfession": {
          "value": "CUSTOM:EndRodSeller"
        },
        "entries": [
          {
            "price1": {
              "value": "Items.EMERALD"
            },
            "countPrice1": 1,
            "price2": {
              "value": ""
            },
            "countPrice2": 1,
            "offer": {
              "value": "CUSTOM:OakEndRod"
            },
            "countOffer": 5,
            "level": 1,
            "maxTrades": 20,
            "xp": 4,
            "priceMultiplier": 0.05
          },
          {
            "price1": {
              "value": "Items.EMERALD"
            },
            "countPrice1": 1,
            "price2": {
              "value": ""
            },
            "countPrice2": 1,
            "offer": {
              "value": "CUSTOM:SpruceEndRod"
            },
            "countOffer": 5,
            "level": 1,
            "maxTrades": 20,
            "xp": 4,
            "priceMultiplier": 0.05
          },
          {
            "price1": {
              "value": "Blocks.END_ROD"
            },
            "countPrice1": 6,
            "price2": {
              "value": ""
            },
            "countPrice2": 1,
            "offer": {
              "value": "Items.EMERALD"
            },
            "countOffer": 1,
            "level": 1,
            "maxTrades": 10,
            "xp": 10,
            "priceMultiplier": 0.05
          },
          {
            "price1": {
              "value": "CUSTOM:IronEndRod"
            },
            "countPrice1": 1,
            "price2": {
              "value": ""
            },
            "countPrice2": 1,
            "offer": {
              "value": "Items.EMERALD"
            },
            "countOffer": 1,
            "level": 2,
            "maxTrades": 6,
            "xp": 10,
            "priceMultiplier": 0.05
          },
          {
            "price1": {
              "value": "Items.EMERALD"
            },
            "countPrice1": 1,
            "price2": {
              "value": ""
            },
            "countPrice2": 1,
            "offer": {
              "value": "CUSTOM:CherryEndRod"
            },
            "countOffer": 5,
            "level": 2,
            "maxTrades": 10,
            "xp": 5,
            "priceMultiplier": 0.05
          },
          {
            "price1": {
              "value": "Items.EMERALD"
            },
            "countPrice1": 1,
            "price2": {
              "value": ""
            },
            "countPrice2": 1,
            "offer": {
              "value": "CUSTOM:GlowstoneEndRod"
            },
            "countOffer": 3,
            "level": 2,
            "maxTrades": 10,
            "xp": 7,
            "priceMultiplier": 0.05
          },
          {
            "price1": {
              "value": "CUSTOM:CopperEndRod"
            },
            "countPrice1": 1,
            "price2": {
              "value": ""
            },
            "countPrice2": 1,
            "offer": {
              "value": "Items.EMERALD"
            },
            "countOffer": 1,
            "level": 3,
            "maxTrades": 10,
            "xp": 4,
            "priceMultiplier": 0.05
          },
          {
            "price1": {
              "value": "CUSTOM:DiamondEndRod"
            },
            "countPrice1": 1,
            "price2": {
              "value": ""
            },
            "countPrice2": 1,
            "offer": {
              "value": "Items.EMERALD"
            },
            "countOffer": 18,
            "level": 4,
            "maxTrades": 10,
            "xp": 15,
            "priceMultiplier": 0.05
          },
          {
            "price1": {
              "value": "CUSTOM:NetheriteEndRod"
            },
            "countPrice1": 1,
            "price2": {
              "value": ""
            },
            "countPrice2": 1,
            "offer": {
              "value": "Items.EMERALD"
            },
            "countOffer": 64,
            "level": 5,
            "maxTrades": 10,
            "xp": 5,
            "priceMultiplier": 0.05
          },
          {
            "price1": {
              "value": "Items.EMERALD"
            },
            "countPrice1": 1,
            "price2": {
              "value": ""
            },
            "countPrice2": 1,
            "offer": {
              "value": "CUSTOM:BirchEndRod"
            },
            "countOffer": 5,
            "level": 1,
            "maxTrades": 10,
            "xp": 4,
            "priceMultiplier": 0.05
          }
        ]
      }
    ]
  }
}