{
  "_fv": 79,
  "_type": "recipe",
  "definition": {
    "recipeType": "Smithing",
    "recipeRetstackSize": 1,
    "group": "",
    "unlockingItems": [
      {
        "value": "CUSTOM:DiamondEndRod"
      }
    ],
    "cookingBookCategory": "MISC",
    "xpReward": 0.0,
    "cookingTime": 200,
    "craftingBookCategory": "MISC",
    "recipeShapeless": false,
    "smithingInputStack": {
      "value": "CUSTOM:DiamondEndRod"
    },
    "smithingInputAdditionStack": {
      "value": "Items.NETHERITE_INGOT"
    },
    "smithingInputTemplateStack": {
      "value": "Items.NETHERITE_UPGRADE"
    },
    "smithingReturnStack": {
      "value": "CUSTOM:NetheriteEndRod"
    },
    "name": "netherite_end_rod_recipe",
    "namespace": "mod"
  }
}