{
  "_fv": 79,
  "_type": "recipe",
  "definition": {
    "recipeType": "Stone cutting",
    "recipeRetstackSize": 1,
    "group": "",
    "unlockingItems": [
      {
        "value": "Blocks.COBBLESTONE"
      }
    ],
    "cookingBookCategory": "MISC",
    "xpReward": 0.0,
    "cookingTime": 200,
    "craftingBookCategory": "MISC",
    "recipeShapeless": false,
    "stoneCuttingInputStack": {
      "value": "Blocks.STONE#0"
    },
    "stoneCuttingReturnStack": {
      "value": "CUSTOM:StoneEndRod"
    },
    "name": "stone_end_rod_recipe",
    "namespace": "mod"
  }
}