{
  "variants": {
    "facing=down": {
      "model": "moreandmoreendrods:block/waxed_copper_end_rod",
      "x": 180
    },
    "facing=east": {
      "model": "moreandmoreendrods:block/waxed_copper_end_rod",
      "x": 90,
      "y": 90
    },
    "facing=north": {
      "model": "moreandmoreendrods:block/waxed_copper_end_rod",
      "x": 90
    },
    "facing=south": {
      "model": "moreandmoreendrods:block/waxed_copper_end_rod",
      "x": 90,
      "y": 180
    },
    "facing=up": {
      "model": "moreandmoreendrods:block/waxed_copper_end_rod"
    },
    "facing=west": {
      "model": "moreandmoreendrods:block/waxed_copper_end_rod",
      "x": 90,
      "y": 270
    }
  }
}