{
  "display": {
    "icon": {
      "item": "moreandmoreendrods:netherite_end_rod"
    },
    "title": {
      "translate": "advancements.rich_sheep.title"
    },
    "description": {
      "translate": "advancements.rich_sheep.descr"
    },
    "frame": "task",
    "show_toast": true,
    "announce_to_chat": true,
    "hidden": false
  },
  "criteria": {
    "rich_sheep_0": {
      "trigger": "minecraft:inventory_changed",
      "conditions": {
        "items": [
          {
            "items": [
              "moreandmoreendrods:netherite_end_rod"
            ],
            "count": {
              "min": 1,
              "max": 1
            }
          }
        ]
      }
    }
  },
  "rewards": {
    "experience": 6
  },
  "parent": "minecraft:adventure/adventuring_time"
}