{
  "parent": "minecraft:recipes/root",
  "criteria": {
    "has_the_recipe": {
      "conditions": {
        "recipe": "moreandmoreendrods:iron_end_rod_recipe"
      },
      "trigger": "minecraft:recipe_unlocked"
    },
    "has_ingredient_0": {
      "conditions": {
        "items": [
          {
            "items": [
              "moreandmoreendrods:stone_end_rod"
            ]
          }
        ]
      },
      "trigger": "minecraft:inventory_changed"
    }
  },
  "requirements": [
    [
      "has_the_recipe",
      "has_ingredient_0"
    ]
  ],
  "rewards": {
    "recipes": [
      "moreandmoreendrods:iron_end_rod_recipe"
    ]
  }
}